0.1563	For its philosophy of: we are what's told of us.
0.1665	There's no real precedent for us to follow, he said.
0.1668	You get the best of both worlds, but you're rooted in neither.
0.1687	There is no culture in consumerism, it's from another opera.
0.1693	I have been unable to speak to Françoise since her marriage.
0.1788	There are many achievements and many challenges we are facing.
0.1809	With this race, we want to stand out from the crowd.
0.184	And then the words "you pay" are in a pool of blood.
0.1845	In other places, people don't think about it he said.
0.1864	To be able to play against them, that is pure happiness!
0.1868	My wife decided for marriage on paper, and I respect it.
0.1884	I'll have to get myself a language course, he quips.
0.1887	I hope for an agreement, but the situation is very ambivalent.
0.1896	He's a soloist and has built a career west of where we are.
0.1903	In this case, the lessons to be learned are not complicated.
0.191	I felt like I was in a luxury store, he recalls.
0.1919	If the law has been broken, it is a matter for the police.
0.1926	Although he is talking, he is asleep and thus, he is resting.
0.1955	If the court summoned her, she said, she would refuse to go.
0.197	It's a real art form, and you need time and steady nerves.
0.1978	For that matter, we don't have to go far to find examples.
0.198	When I'm long gone, I want someone to remember him.
0.1988	Some said they plan to go to end of the world parties.
0.199	I want to be a young mother, doesn't matter the candidate.
0.1997	But, on each occasion, a central authority controls and handles the exchanges.
0.2	But near the end of the flight there was technical damage to the missile.
0.2002	Substitution by substitution, it was overwhelming and we couldn't resist.
0.2004	Luckily, on the way to the tram, I found the right place.
0.2005	There is chaos on many roads, and trains and flights have been cancelled.
0.2008	The car then turned off and drove away - the driver is being traced.
0.2024	It turns out that most of them are interested and enjoy working with us.
0.2038	And even the bloody slogan of the whole campaign attests to this.
0.2038	Limiting something is setting up the next step, meaning, overcoming.
0.204	Obviously, your rival has to get in front of you no matter what.
0.2042	For the rest, it is difficult to establish a hierarchy among the candidates.
0.2049	If it finds favourable conditions in Montreal, it will go there.
0.2051	Or alternatively we would be forced out of the market in the respective sector.
0.2052	And then, applications can also come from all the instrumentation that surrounds research.
0.2062	I consider myself lucky to have a wonderful family that is doing well.
0.2071	He still does not know what he will do with the chunks of stone.
0.2081	They decided to split, soon after they found out that she was pregnant.
0.2084	Unfortunately, there is no agreement about what new and additional means.
0.2091	A police spokesman said there is no connection between the woman and the suspects.
0.2094	He was unsuccessful and the fire brigade had to bring the fire under control.
0.2109	The time bomb here is the deficit of the budgets of cities and villages.
0.2113	So you will still be in business so that you can make a living?
0.2113	But I signed it, he says half angrily, half resignedly.
0.2117	The difficulty of the challenge is also raised with each increase in computing power.
0.2118	He can no longer stand them, the voices that abuse and insult him.
0.2119	Havířov's "deregulatory" desk is certainly not overwhelmed with questions.
0.212	There were a lot of points scored in a short amount of time.
0.2121	Those who have the interest and the drive will always find our door open.
0.2123	Instead, he said, a period of disagreement is likely, even inevitable.
0.2128	They can be reached on foot only by those who are into mountain climbing.
0.2131	If he's convicted on all counts, he could face a life sentence.
0.2131	In this world, red is a compromise between artist, image-maker and society.
0.2137	You must not touch the shoes with the scissors, to avoid any damage.
0.2143	Money has not been the key factor in the job market for a while.
0.2144	Some made a barrier, and the police moved in to methodically arrest them.
0.2145	An acquaintance of a friend of mine was being pestered on a social network.
0.2146	This ambivalence must be thought through, in order that it can be bypassed.
0.2152	But without the support of the Parliament you will be left with just slogans.
0.216	And he rejects the opposition's characterisation of the new president as lacking substance.
0.216	There was an experiment with rats, who were sent to space with foetus.
0.2162	A solution to the problem birds, however, is far from within reach.
0.2162	According to the analysts, the market shows signs of fatigue at the moment.
0.2164	The technology from the fifties is of very little use for any other purpose.
0.2175	Everything you could want in terms of beauty and comfort - at your fingertips.
0.2175	He loves well-educated people who come from good backgrounds, and they love him.
0.2176	But his parents reacted with skepticism when he took the book home to study.
0.2179	The flags were flying at half mast at all government buildings in the country.
0.218	According to an ancient legend, pagan gods used to live on the mountain.
0.2181	Information about this rail track is only known from press articles of the time.
0.2186	She was a ballet dancer and a free style and oriental dances' specialist.
0.2186	Nobody wants the eurozone to remain unstable and turbulent, he said.
0.219	It's not even unthinkable that not all of the financing will be needed.
0.219	The matter examines the type of damage that is brought to the sporting spirit.
0.2192	And the mobile operator-entirely logically has a monopoly on its network.
0.2197	It is still not clear if the state can get by without this money.
0.2199	During his time there in the Forties, all political views had been accepted.
0.2205	I'm looking forward to finding out whether that's happening here, too.
0.2208	The all important announcements will come after the election, whoever wins it.
0.221	The students are entitled to be granted leeway allowing and promoting initiative.
0.2213	The money was coming from private as well as public banks, they added.
0.2214	That would explain that he was detained with such a large sum of money.
0.2217	This yields growing poverty and an increasing void between the poor and the rich.
0.2218	To catch the personality of these artists taking pictures of the scene is over.
0.2223	Without a social safety net, they say, the choice would be irresponsible.
0.2227	This episode has shown that the precautionary principle that was applied made sense.
0.2229	But several local players, on the other hand, claimed substantial economic help.
0.2233	Conflict is inevitable, but must be overcome by the desire to walk together.
0.2234	The building has remained flexible and light despite the constraints, problems and conversions.
0.2239	Finally, ordinary criminals and corrupt inspectors are at the lowest level.
0.2245	The locals started to call it the House of bones for its organic shapes.
0.2252	It provides companies with computers, servers and other equipment and provides necessary servicing.
0.2254	So there's nothing else to do but to choose based on the brand-name.
0.2257	Do you see yourself as a person from the right, or the left?
0.226	On the network, users debated this innovation via tweets on internet.
0.2261	Their stories are mostly taken from memoirs, letters and other already published material.
0.227	Profits from these sales were nevertheless paid to his Foundation for children in difficulty.
0.2271	I hope so because I think it's an unfair model for the consumer.
0.2272	In this country, human papilloma viruses are also frequently found in young people.
0.2275	I have mixed with people I never thought I would be able to approach.
0.2282	Neither atmospheric scientists nor oceanographers can adequately account for the speed of the changes.
0.2282	This type of notebook is said to be highly prized by writers and travellers.
0.2284	People have voted for a senate that will make it difficult to enforce changes.
0.2289	Also he will notify him about the immediate release order issued by the judge.
0.2289	An ancient city which was established shortly after the Spaniards had colonized the island.
0.2297	I assume that the brain is not busy enough and creates its own entertainment.
0.2299	Pictures and personal items, including clothing and surfboards, were also on display.
0.2303	Instead, it is horribly like a condemned man being strangled secretly.
0.2304	It was so good!, much better than going to the amusement park.
0.2304	Sceptics gave voice for their doubts regarding the plan on both sides, too.
0.2311	A good stylist can work with a single piece of clothing in different ways.
0.2312	For the elder children that were at school clothes and shoes would be perfect.
0.2312	The analyst does not consider that volatility is going to affect the market trend.
0.2316	But for objective reasons it is hard to cover fast food with a union.
0.2324	Above all, at higher levels, extra care should be taken while driving.
0.2331	Company's strong business position is ensured by its strong internal and external image.
0.2332	In addition, a stronger social safety net has helped to shield the poor.
0.2332	The question whether they will be active in the company will only arise later.
0.2333	Prizes were awarded for the best tricks-or manoeuvres performed on the slope.
0.2335	However, what constitutes an insult and how this should be sanctioned remains unclear.
0.2336	Many of my works are hits, with clearly reflected relevance and acuity.
0.2336	There is no good way to halt gossip that has already begun to spread.
0.2336	They opened the windows a bit, so the dogs could get fresh air.
0.2338	If we stick just to the official and certifiable facts, we discover that:
0.2339	Their favourite meals include large number of flour, meat, and sweet dishes.
0.2356	Generosity, love of life are the features of the vibrant actor just disappeared.
0.2361	He raves: "A cheap and poor stone, simple and earthy."
0.2364	Actually, the rise in real estate prices has exceeded the growth in salaries.
0.2365	So much the worse if this should trigger a trade war, he said.
0.2366	Children who are treated for drunkenness at the hospital repeatedly are not an exception.
0.2367	He had not yet had a chance to speak after being taken into custody.
0.2369	The BRH can only audit federal money, known to us as state funds.
0.2378	The connection between madness and dream has occupied philosophers and doctors since ancient times.
0.2384	It is shipped from long-term storage warehouses by the mid-level management of these warehouses.
0.2394	The anthem will also be featured in a unique live broadcast on Czech Television.
0.2396	Her body was never her strong advantage and here is where she was punished.
0.24	Whoever is judged to be losing is likely to shift course and seek compromise.
0.2404	In contrast with the driving model, the collision model is not that good.
0.2404	The researchers put a small bucket with a moth larva in a vertical cylinder.
0.241	Yes, ran, because I had been subject to systematic bullying and intimidation.
0.2412	The blind spots are equipped with retaining elastics, which are an ideal compromise.
0.2417	It is then perfectly adapted to warm human body and spreads its pressure optimally.
0.2417	This star birth was captured by the Hubble telescope in the M83 spiral galaxy.
0.2417	Which is what I've been hoping for since my baptism with the Blues.
0.2419	Place them in the midst of a pile of dirty, wet soccer kit.
0.2421	The new restrictions disproportionately affect young people, minorities and people with low incomes.
0.2425	People behave in unanticipated ways; there is as much base behavior as heroism.
0.2426	Secondary and tertiary roads are wet, and may therefore also have icy patches.
0.2438	It will certainly be interesting to look at this issue from a broader perspective.
0.2446	This makes it seem clear that it is better to only buy a phone.
0.2447	Previous studies have shown that it is the testosterone that supports prostate cancer development.
0.245	The military police charged with guarding him had apparently defected and joined his mutiny.
0.2451	It was also necessary to multiply steps of protecting the fauna and the flora.
0.2456	The safety issue was considered sufficiently serious for all affected parties to be informed.
0.2463	From this point, early prevention, especially regular screening tests have fundamental significance.
0.2473	Not only a good flavour, but silky softness and good texture are key.
0.2478	They often stay in motels and park their van right outside their room window.
0.2488	This renders the answer perceptual rather than factual and is often a red flag.
0.249	She clarifies that if everything goes well, she will keep her first-born child.
0.2493	Due to significant labour cost differences (salaries) there is pressure on prices.
0.2495	Thermal bridge steel girders were strengthened or replaced and asbestos was removed from ceilings.
0.25	He lives in the early Middle Ages amongst noblemen who make intoxicants from blood.
0.2504	The Chamber of Deputies has passed this traditionally overlooked but most influential law easily.
0.2508	The politicians' quarrels are much more interesting for the public than straight numbers.
0.2508	These are domestic problems about the practical implementation of legislation relating to public contracts.
0.2517	However, there are reasons for thinking it could just break their lethal stalemate.
0.2518	Women can forget about emancipation; potential religious renegades will be executed; etc.
0.2538	Even die-hard architects and construction engineers shake their heads at the unknown construction materials.
0.254	The water presumably came from comets or perhaps also asteroids that impacted with Mercury.
0.2544	Increasingly, an unrelieved patient will have the option of having such palliative sedation.
0.2555	This has been the phoney pre-Budget report. The markets realise this.
0.2587	That's hardly enough to declare that a new era of cooperation has arrived.